number_of_drones,customer_density,moving_truck,No_drones,No_packages,Total_time,Avg_speed,Dist_tot,Avg_time_package,Avg_packages_drone,Avg_dist_traveled,Energy_consumption,Avg_power,Costmer_density
1,0.1,0,1,50,1510.53,196.6,296967.08,30.21,50.0,296967.08,,,0.1
2,0.1,0,2,50,762.9,197.32,296967.09,15.26,25.0,148483.54,,,0.1
3,0.1,0,3,50,517.17,196.6,296967.09,10.34,16.67,98989.03,,,0.1
4,0.1,0,4,50,393.2,198.63,296967.07,7.86,12.5,74241.77,,,0.1
5,0.1,0,5,50,314.23,197.29,296967.09,6.28,10.0,59393.42,,,0.1
6,0.1,0,6,50,275.43,196.51,296967.09,5.51,8.33,49494.51,,,0.1
7,0.1,0,7,50,241.5,197.69,296967.09,4.83,7.14,42423.87,,,0.1
8,0.1,0,8,50,211.07,200.14,296967.08,4.22,6.25,37120.88,,,0.1
9,0.1,0,9,50,187.03,199.24,296967.08,3.74,5.56,32996.34,,,0.1
10,0.1,0,10,50,165.93,199.01,296967.08,3.32,5.0,29696.71,,,0.1
11,0.1,0,11,50,157.77,199.76,296967.09,3.16,4.55,26997.01,,,0.1
12,0.1,0,12,50,150.37,198.09,296967.08,3.01,4.17,24747.26,,,0.1
13,0.1,0,13,50,132.6,197.81,296967.08,2.65,3.85,22843.62,,,0.1
14,0.1,0,14,50,129.17,200.63,296967.09,2.58,3.57,21211.94,,,0.1
15,0.1,0,15,50,125.03,200.18,296967.08,2.5,3.33,19797.81,,,0.1
16,0.1,0,16,50,116.73,203.57,296967.09,2.33,3.12,18560.44,,,0.1
17,0.1,0,17,50,105.37,200.02,296967.1,2.11,2.94,17468.65,,,0.1
18,0.1,0,18,50,102.9,201.01,296967.0900000001,2.06,2.78,16498.17,,,0.1
19,0.1,0,19,50,102.83,201.14,296967.08,2.06,2.63,15629.85,,,0.1
20,0.1,0,20,50,100.27,198.01,296967.08,2.01,2.5,14848.35,,,0.1
21,0.1,0,21,50,99.43,199.67,296967.09,1.99,2.38,14141.29,,,0.1
22,0.1,0,22,50,96.87,199.43,296967.09,1.94,2.27,13498.5,,,0.1
23,0.1,0,23,50,93.5,200.84,296967.07,1.87,2.17,12911.61,,,0.1
24,0.1,0,24,50,89.4,200.02,296967.08,1.79,2.08,12373.63,,,0.1
25,0.1,0,25,50,74.1,199.02,296967.09,1.48,2.0,11878.68,,,0.1
26,0.1,0,26,50,74.0,199.29,296967.11000000004,1.48,1.92,11421.81,,,0.1
27,0.1,0,27,50,73.97,199.38,296967.11000000004,1.48,1.85,10998.78,,,0.1
28,0.1,0,28,50,73.7,200.58,296967.1100000001,1.47,1.79,10605.97,,,0.1
29,0.1,0,29,50,73.63,200.77,296967.09,1.47,1.72,10240.24,,,0.1
30,0.1,0,30,50,73.6,200.86,296967.08,1.47,1.67,9898.9,,,0.1
31,0.1,0,31,50,72.9,202.0,296967.08,1.46,1.61,9579.58,,,0.1
32,0.1,0,32,50,71.8,200.15,296967.07,1.44,1.56,9280.22,,,0.1
33,0.1,0,33,50,71.77,200.24,296967.06999999995,1.44,1.52,8999.0,,,0.1
34,0.1,0,34,50,70.73,205.35,296967.0799999999,1.41,1.47,8734.33,,,0.1
35,0.1,0,35,50,70.7,205.44,296967.1,1.41,1.43,8484.77,,,0.1
36,0.1,0,36,50,70.67,201.39,296967.09,1.41,1.39,8249.09,,,0.1
37,0.1,0,37,50,70.63,201.49,296967.09,1.41,1.35,8026.14,,,0.1
38,0.1,0,38,50,70.6,201.59,296967.09,1.41,1.32,7814.92,,,0.1
39,0.1,0,39,50,68.53,201.5,296967.11000000004,1.37,1.28,7614.54,,,0.1
40,0.1,0,40,50,67.9,202.16,296967.1100000001,1.36,1.25,7424.18,,,0.1
41,0.1,0,41,50,67.87,199.87,296967.1,1.36,1.22,7243.1,,,0.1
42,0.1,0,42,50,67.03,202.94,296967.10000000003,1.34,1.19,7070.65,,,0.1
43,0.1,0,43,50,66.83,201.65,296967.1,1.34,1.16,6906.21,,,0.1
44,0.1,0,44,50,64.47,202.71,296967.1000000001,1.29,1.14,6749.25,,,0.1
45,0.1,0,45,50,62.63,203.88,296967.1100000001,1.25,1.11,6599.27,,,0.1
46,0.1,0,46,50,61.1,203.33,296967.10000000003,1.22,1.09,6455.81,,,0.1
47,0.1,0,47,50,60.53,202.4,296967.1000000001,1.21,1.06,6318.45,,,0.1
48,0.1,0,48,50,57.5,203.94,296967.1100000001,1.15,1.04,6186.81,,,0.1
49,0.1,0,49,50,56.4,204.04,296967.11000000004,1.13,1.02,6060.55,,,0.1
50,0.1,0,50,50,46.17,199.1,296967.1100000001,0.92,1.0,5939.34,,,0.1
1,0.2,0,1,50,1419.5,197.09,279769.83,28.39,50.0,279769.83,,,0.2
2,0.2,0,2,50,720.93,196.59,279769.81999999995,14.42,25.0,139884.91,,,0.2
3,0.2,0,3,50,491.23,198.01,279769.82,9.82,16.67,93256.61,,,0.2
4,0.2,0,4,50,370.0,197.51,279769.83,7.4,12.5,69942.46,,,0.2
5,0.2,0,5,50,301.0,198.5,279769.83,6.02,10.0,55953.97,,,0.2
6,0.2,0,6,50,255.4,197.9,279769.84,5.11,8.33,46628.31,,,0.2
7,0.2,0,7,50,221.2,198.05,279769.82,4.42,7.14,39967.12,,,0.2
8,0.2,0,8,50,197.47,198.38,279769.80999999994,3.95,6.25,34971.23,,,0.2
9,0.2,0,9,50,177.67,200.55,279769.82,3.55,5.56,31085.54,,,0.2
10,0.2,0,10,50,160.9,199.11,279769.83,3.22,5.0,27976.98,,,0.2
11,0.2,0,11,50,153.17,197.57,279769.83,3.06,4.55,25433.62,,,0.2
12,0.2,0,12,50,139.97,199.21,279769.83,2.8,4.17,23314.15,,,0.2
13,0.2,0,13,50,130.33,199.1,279769.82,2.61,3.85,21520.76,,,0.2
14,0.2,0,14,50,127.27,201.86,279769.84,2.55,3.57,19983.56,,,0.2
15,0.2,0,15,50,121.83,199.95,279769.84,2.44,3.33,18651.32,,,0.2
16,0.2,0,16,50,113.03,199.23,279769.83,2.26,3.12,17485.61,,,0.2
17,0.2,0,17,50,105.57,199.37,279769.83,2.11,2.94,16457.05,,,0.2
18,0.2,0,18,50,102.23,199.47,279769.81000000006,2.04,2.78,15542.77,,,0.2
19,0.2,0,19,50,99.13,197.92,279769.84,1.98,2.63,14724.73,,,0.2
20,0.2,0,20,50,97.73,199.46,279769.83,1.95,2.5,13988.49,,,0.2
21,0.2,0,21,50,94.97,200.4,279769.83,1.9,2.38,13322.37,,,0.2
22,0.2,0,22,50,90.4,199.22,279769.80999999994,1.81,2.27,12716.81,,,0.2
23,0.2,0,23,50,88.23,200.56,279769.82000000007,1.76,2.17,12163.91,,,0.2
24,0.2,0,24,50,81.23,202.23,279769.82,1.62,2.08,11657.08,,,0.2
25,0.2,0,25,50,75.9,200.28,279769.83,1.52,2.0,11190.79,,,0.2
26,0.2,0,26,50,75.57,199.52,279769.84,1.51,1.92,10760.38,,,0.2
27,0.2,0,27,50,75.47,199.79,279769.85000000003,1.51,1.85,10361.85,,,0.2
28,0.2,0,28,50,75.17,200.53,279769.84,1.5,1.79,9991.78,,,0.2
29,0.2,0,29,50,75.03,202.57,279769.84,1.5,1.72,9647.24,,,0.2
30,0.2,0,30,50,74.93,202.84,279769.84,1.5,1.67,9325.66,,,0.2
31,0.2,0,31,50,74.37,200.26,279769.8499999999,1.49,1.61,9024.83,,,0.2
32,0.2,0,32,50,74.17,199.64,279769.85000000003,1.48,1.56,8742.81,,,0.2
33,0.2,0,33,50,73.6,201.18,279769.82,1.47,1.52,8477.87,,,0.2
34,0.2,0,34,50,72.8,201.44,279769.81999999995,1.46,1.47,8228.52,,,0.2
35,0.2,0,35,50,69.83,202.08,279769.79000000004,1.4,1.43,7993.42,,,0.2
36,0.2,0,36,50,69.47,201.69,279769.83,1.39,1.39,7771.38,,,0.2
37,0.2,0,37,50,66.9,201.31,279769.84,1.34,1.35,7561.35,,,0.2
38,0.2,0,38,50,66.73,200.28,279769.83,1.33,1.32,7362.36,,,0.2
39,0.2,0,39,50,66.13,201.58,279769.84,1.32,1.28,7173.59,,,0.2
40,0.2,0,40,50,65.77,201.54,279769.84,1.32,1.25,6994.25,,,0.2
41,0.2,0,41,50,65.07,201.58,279769.84,1.3,1.22,6823.65,,,0.2
42,0.2,0,42,50,63.3,202.26,279769.84,1.27,1.19,6661.19,,,0.2
43,0.2,0,43,50,61.9,202.39,279769.8400000001,1.24,1.16,6506.28,,,0.2
44,0.2,0,44,50,58.5,202.69,279769.84000000014,1.17,1.14,6358.41,,,0.2
45,0.2,0,45,50,58.47,202.81,279769.85000000003,1.17,1.11,6217.11,,,0.2
46,0.2,0,46,50,57.17,202.68,279769.85000000003,1.14,1.09,6081.95,,,0.2
47,0.2,0,47,50,54.77,203.4,279769.83,1.1,1.06,5952.55,,,0.2
48,0.2,0,48,50,52.33,204.79,279769.82000000007,1.05,1.04,5828.54,,,0.2
49,0.2,0,49,50,48.67,201.34,279769.82,0.97,1.02,5709.59,,,0.2
50,0.2,0,50,50,48.67,195.35,279769.82,0.97,1.0,5595.4,,,0.2
1,0.30000000000000004,0,1,50,1453.4,196.2,285160.01,29.07,50.0,285160.01,,,0.3
2,0.30000000000000004,0,2,50,743.83,195.1,285160.01,14.88,25.0,142580.01,,,0.3
3,0.30000000000000004,0,3,50,501.27,197.82,285160.01,10.03,16.67,95053.34,,,0.3
4,0.30000000000000004,0,4,50,389.9,194.86,285160.02,7.8,12.5,71290.01,,,0.3
5,0.30000000000000004,0,5,50,311.43,195.61,285160.00999999995,6.23,10.0,57032.0,,,0.3
6,0.30000000000000004,0,6,50,268.33,198.87,285160.01,5.37,8.33,47526.67,,,0.3
7,0.30000000000000004,0,7,50,233.23,195.97,285160.01,4.66,7.14,40737.14,,,0.3
8,0.30000000000000004,0,8,50,211.17,195.2,285160.0,4.22,6.25,35645.0,,,0.3
9,0.30000000000000004,0,9,50,183.67,198.41,285160.02,3.67,5.56,31684.45,,,0.3
10,0.30000000000000004,0,10,50,168.97,192.89,285160.00999999995,3.38,5.0,28516.0,,,0.3
11,0.30000000000000004,0,11,50,161.43,194.76,285160.0,3.23,4.55,25923.64,,,0.3
12,0.30000000000000004,0,12,50,147.7,198.8,285159.99999999994,2.95,4.17,23763.33,,,0.3
13,0.30000000000000004,0,13,50,133.6,197.11,285160.0,2.67,3.85,21935.38,,,0.3
14,0.30000000000000004,0,14,50,132.33,198.43,285160.0200000001,2.65,3.57,20368.57,,,0.3
15,0.30000000000000004,0,15,50,126.3,195.42,285160.02,2.53,3.33,19010.67,,,0.3
16,0.30000000000000004,0,16,50,116.17,198.74,285160.0200000001,2.32,3.12,17822.5,,,0.3
17,0.30000000000000004,0,17,50,107.13,197.78,285160.0,2.14,2.94,16774.12,,,0.3
18,0.30000000000000004,0,18,50,105.37,196.82,285160.0,2.11,2.78,15842.22,,,0.3
19,0.30000000000000004,0,19,50,103.1,200.6,285159.99,2.06,2.63,15008.42,,,0.3
20,0.30000000000000004,0,20,50,102.6,197.69,285160.01,2.05,2.5,14258.0,,,0.3
21,0.30000000000000004,0,21,50,101.6,198.4,285160.02,2.03,2.38,13579.05,,,0.3
22,0.30000000000000004,0,22,50,97.4,195.98,285160.01,1.95,2.27,12961.82,,,0.3
23,0.30000000000000004,0,23,50,91.57,196.05,285159.99000000005,1.83,2.17,12398.26,,,0.3
24,0.30000000000000004,0,24,50,88.67,197.14,285160.01,1.77,2.08,11881.67,,,0.3
25,0.30000000000000004,0,25,50,77.37,198.95,285160.02,1.55,2.0,11406.4,,,0.3
26,0.30000000000000004,0,26,50,77.03,190.24,285160.02,1.54,1.92,10967.69,,,0.3
27,0.30000000000000004,0,27,50,76.53,192.1,285160.02,1.53,1.85,10561.48,,,0.3
28,0.30000000000000004,0,28,50,76.07,195.86,285160.0,1.52,1.79,10184.29,,,0.3
29,0.30000000000000004,0,29,50,75.97,196.47,285159.97,1.52,1.72,9833.1,,,0.3
30,0.30000000000000004,0,30,50,75.93,196.56,285159.96,1.52,1.67,9505.33,,,0.3
31,0.30000000000000004,0,31,50,75.83,195.53,285159.98,1.52,1.61,9198.71,,,0.3
32,0.30000000000000004,0,32,50,74.87,190.97,285159.98999999993,1.5,1.56,8911.25,,,0.3
33,0.30000000000000004,0,33,50,74.23,196.11,285159.95,1.48,1.52,8641.21,,,0.3
34,0.30000000000000004,0,34,50,73.67,197.83,285159.98,1.47,1.47,8387.06,,,0.3
35,0.30000000000000004,0,35,50,72.57,194.82,285159.9999999999,1.45,1.43,8147.43,,,0.3
36,0.30000000000000004,0,36,50,71.9,196.42,285159.97000000003,1.44,1.39,7921.11,,,0.3
37,0.30000000000000004,0,37,50,71.43,195.13,285159.98999999993,1.43,1.35,7707.03,,,0.3
38,0.30000000000000004,0,38,50,70.87,199.14,285159.99,1.42,1.32,7504.21,,,0.3
39,0.30000000000000004,0,39,50,70.37,194.87,285159.98,1.41,1.28,7311.79,,,0.3
40,0.30000000000000004,0,40,50,70.33,194.97,285159.99000000005,1.41,1.25,7129.0,,,0.3
41,0.30000000000000004,0,41,50,69.5,192.21,285159.99000000005,1.39,1.22,6955.12,,,0.3
42,0.30000000000000004,0,42,50,68.93,198.83,285159.99,1.38,1.19,6789.52,,,0.3
43,0.30000000000000004,0,43,50,66.67,195.5,285159.97000000003,1.33,1.16,6631.63,,,0.3
44,0.30000000000000004,0,44,50,65.07,195.41,285160.00000000006,1.3,1.14,6480.91,,,0.3
45,0.30000000000000004,0,45,50,62.5,196.13,285160.0,1.25,1.11,6336.89,,,0.3
46,0.30000000000000004,0,46,50,59.3,195.72,285160.00000000006,1.19,1.09,6199.13,,,0.3
47,0.30000000000000004,0,47,50,57.03,196.58,285160.01,1.14,1.06,6067.23,,,0.3
48,0.30000000000000004,0,48,50,56.63,196.11,285160.01,1.13,1.04,5940.83,,,0.3
49,0.30000000000000004,0,49,50,53.37,196.71,285160.01000000007,1.07,1.02,5819.59,,,0.3
50,0.30000000000000004,0,50,50,49.07,190.67,285160.01000000007,0.98,1.0,5703.2,,,0.3
1,0.4,0,1,50,1430.27,197.69,282751.37,28.61,50.0,282751.37,,,0.4
2,0.4,0,2,50,727.87,197.49,282751.37,14.56,25.0,141375.68,,,0.4
3,0.4,0,3,50,495.67,197.47,282751.36,9.91,16.67,94250.45,,,0.4
4,0.4,0,4,50,376.23,198.03,282751.37,7.52,12.5,70687.84,,,0.4
5,0.4,0,5,50,306.1,195.75,282751.37,6.12,10.0,56550.27,,,0.4
6,0.4,0,6,50,261.43,197.2,282751.38,5.23,8.33,47125.23,,,0.4
7,0.4,0,7,50,227.3,197.36,282751.36,4.55,7.14,40393.05,,,0.4
8,0.4,0,8,50,202.43,197.01,282751.37,4.05,6.25,35343.92,,,0.4
9,0.4,0,9,50,183.77,195.63,282751.38,3.68,5.56,31416.82,,,0.4
10,0.4,0,10,50,167.47,194.62,282751.37,3.35,5.0,28275.14,,,0.4
11,0.4,0,11,50,151.6,198.01,282751.36000000004,3.03,4.55,25704.67,,,0.4
12,0.4,0,12,50,144.2,197.46,282751.37,2.88,4.17,23562.61,,,0.4
13,0.4,0,13,50,136.83,198.96,282751.37,2.74,3.85,21750.11,,,0.4
14,0.4,0,14,50,127.93,196.69,282751.38,2.56,3.57,20196.53,,,0.4
15,0.4,0,15,50,120.23,196.43,282751.4,2.4,3.33,18850.09,,,0.4
16,0.4,0,16,50,114.67,195.89,282751.37,2.29,3.12,17671.96,,,0.4
17,0.4,0,17,50,108.47,194.89,282751.38,2.17,2.94,16632.43,,,0.4
18,0.4,0,18,50,105.33,195.29,282751.36,2.11,2.78,15708.41,,,0.4
19,0.4,0,19,50,103.8,197.87,282751.3599999999,2.08,2.63,14881.65,,,0.4
20,0.4,0,20,50,100.23,197.21,282751.39,2.0,2.5,14137.57,,,0.4
21,0.4,0,21,50,94.77,197.43,282751.38,1.9,2.38,13464.35,,,0.4
22,0.4,0,22,50,91.97,196.4,282751.35,1.84,2.27,12852.33,,,0.4
23,0.4,0,23,50,88.0,195.32,282751.36000000004,1.76,2.17,12293.54,,,0.4
24,0.4,0,24,50,87.07,196.32,282751.38,1.74,2.08,11781.31,,,0.4
25,0.4,0,25,50,81.17,194.7,282751.36,1.62,2.0,11310.05,,,0.4
26,0.4,0,26,50,80.93,194.03,282751.37000000005,1.62,1.92,10875.05,,,0.4
27,0.4,0,27,50,80.53,195.82,282751.39,1.61,1.85,10472.27,,,0.4
28,0.4,0,28,50,79.2,195.02,282751.36999999994,1.58,1.79,10098.26,,,0.4
29,0.4,0,29,50,76.73,194.31,282751.39,1.53,1.72,9750.05,,,0.4
30,0.4,0,30,50,76.43,194.76,282751.35,1.53,1.67,9425.05,,,0.4
31,0.4,0,31,50,75.63,197.16,282751.36999999994,1.51,1.61,9121.01,,,0.4
32,0.4,0,32,50,72.57,194.45,282751.36000000004,1.45,1.56,8835.98,,,0.4
33,0.4,0,33,50,72.0,195.8,282751.36,1.44,1.52,8568.22,,,0.4
34,0.4,0,34,50,71.93,195.45,282751.37000000005,1.44,1.47,8316.22,,,0.4
35,0.4,0,35,50,69.8,194.26,282751.37999999995,1.4,1.43,8078.61,,,0.4
36,0.4,0,36,50,69.33,194.48,282751.37,1.39,1.39,7854.2,,,0.4
37,0.4,0,37,50,68.3,195.63,282751.36,1.37,1.35,7641.93,,,0.4
38,0.4,0,38,50,68.23,198.22,282751.36000000004,1.36,1.32,7440.83,,,0.4
39,0.4,0,39,50,68.13,192.27,282751.39,1.36,1.28,7250.04,,,0.4
40,0.4,0,40,50,65.27,196.98,282751.4,1.31,1.25,7068.78,,,0.4
41,0.4,0,41,50,60.73,197.24,282751.39,1.21,1.22,6896.38,,,0.4
42,0.4,0,42,50,60.7,197.34,282751.37999999995,1.21,1.19,6732.18,,,0.4
43,0.4,0,43,50,58.17,196.07,282751.3799999999,1.16,1.16,6575.61,,,0.4
44,0.4,0,44,50,57.7,196.51,282751.3999999999,1.15,1.14,6426.17,,,0.4
45,0.4,0,45,50,55.73,195.94,282751.39,1.11,1.11,6283.36,,,0.4
46,0.4,0,46,50,54.57,195.79,282751.39,1.09,1.09,6146.77,,,0.4
47,0.4,0,47,50,54.53,196.19,282751.37999999995,1.09,1.06,6015.99,,,0.4
48,0.4,0,48,50,54.5,196.31,282751.37999999995,1.09,1.04,5890.65,,,0.4
49,0.4,0,49,50,53.5,196.38,282751.37999999995,1.07,1.02,5770.44,,,0.4
50,0.4,0,50,50,49.43,190.33,282751.37,0.99,1.0,5655.03,,,0.4
1,0.5,0,1,50,1351.93,197.09,266453.71,27.04,50.0,266453.71,,,0.5
2,0.5,0,2,50,690.8,196.56,266453.72,13.82,25.0,133226.86,,,0.5
3,0.5,0,3,50,473.57,194.89,266453.71,9.47,16.67,88817.9,,,0.5
4,0.5,0,4,50,362.7,195.74,266453.72,7.25,12.5,66613.43,,,0.5
5,0.5,0,5,50,288.4,196.22,266453.71,5.77,10.0,53290.74,,,0.5
6,0.5,0,6,50,253.03,193.77,266453.72000000003,5.06,8.33,44408.95,,,0.5
7,0.5,0,7,50,212.4,195.14,266453.71,4.25,7.14,38064.82,,,0.5
8,0.5,0,8,50,192.97,196.27,266453.72000000003,3.86,6.25,33306.72,,,0.5
9,0.5,0,9,50,177.63,195.17,266453.72,3.55,5.56,29605.97,,,0.5
10,0.5,0,10,50,155.47,193.1,266453.73,3.11,5.0,26645.37,,,0.5
11,0.5,0,11,50,150.4,194.55,266453.71,3.01,4.55,24223.06,,,0.5
12,0.5,0,12,50,142.87,193.04,266453.7,2.86,4.17,22204.48,,,0.5
13,0.5,0,13,50,125.23,193.54,266453.72,2.5,3.85,20496.44,,,0.5
14,0.5,0,14,50,123.17,193.4,266453.72000000003,2.46,3.57,19032.41,,,0.5
15,0.5,0,15,50,119.2,192.22,266453.7,2.38,3.33,17763.58,,,0.5
16,0.5,0,16,50,109.6,194.27,266453.73000000004,2.19,3.12,16653.36,,,0.5
17,0.5,0,17,50,101.77,191.09,266453.72,2.04,2.94,15673.75,,,0.5
18,0.5,0,18,50,100.23,192.64,266453.69,2.0,2.78,14802.98,,,0.5
19,0.5,0,19,50,99.27,194.93,266453.71,1.99,2.63,14023.88,,,0.5
20,0.5,0,20,50,97.43,192.75,266453.72000000003,1.95,2.5,13322.69,,,0.5
21,0.5,0,21,50,96.1,192.23,266453.71,1.92,2.38,12688.27,,,0.5
22,0.5,0,22,50,93.5,193.14,266453.7,1.87,2.27,12111.53,,,0.5
23,0.5,0,23,50,88.3,191.99,266453.7100000001,1.77,2.17,11584.94,,,0.5
24,0.5,0,24,50,85.77,192.66,266453.7,1.72,2.08,11102.24,,,0.5
25,0.5,0,25,50,74.53,188.8,266453.70000000007,1.49,2.0,10658.15,,,0.5
26,0.5,0,26,50,73.8,189.63,266453.69,1.48,1.92,10248.22,,,0.5
27,0.5,0,27,50,73.67,189.1,266453.7,1.47,1.85,9868.66,,,0.5
28,0.5,0,28,50,72.5,188.47,266453.68999999994,1.45,1.79,9516.2,,,0.5
29,0.5,0,29,50,72.1,190.15,266453.69999999995,1.44,1.72,9188.06,,,0.5
30,0.5,0,30,50,71.23,186.59,266453.69000000006,1.42,1.67,8881.79,,,0.5
31,0.5,0,31,50,69.83,190.43,266453.69,1.4,1.61,8595.28,,,0.5
32,0.5,0,32,50,69.7,188.7,266453.71,1.39,1.56,8326.68,,,0.5
33,0.5,0,33,50,69.67,187.98,266453.71,1.39,1.52,8074.35,,,0.5
34,0.5,0,34,50,69.63,188.01,266453.71,1.39,1.47,7836.87,,,0.5
35,0.5,0,35,50,69.6,188.97,266453.7299999999,1.39,1.43,7612.96,,,0.5
36,0.5,0,36,50,68.73,190.71,266453.7,1.37,1.39,7401.49,,,0.5
37,0.5,0,37,50,67.83,189.43,266453.69,1.36,1.35,7201.45,,,0.5
38,0.5,0,38,50,67.5,190.36,266453.7,1.35,1.32,7011.94,,,0.5
39,0.5,0,39,50,66.37,188.6,266453.71,1.33,1.28,6832.15,,,0.5
40,0.5,0,40,50,66.23,189.47,266453.72,1.32,1.25,6661.34,,,0.5
41,0.5,0,41,50,66.07,189.41,266453.71,1.32,1.22,6498.87,,,0.5
42,0.5,0,42,50,65.43,189.38,266453.7,1.31,1.19,6344.14,,,0.5
43,0.5,0,43,50,65.27,189.95,266453.7,1.31,1.16,6196.6,,,0.5
44,0.5,0,44,50,64.23,189.2,266453.71,1.28,1.14,6055.77,,,0.5
45,0.5,0,45,50,64.17,188.55,266453.71,1.28,1.11,5921.19,,,0.5
46,0.5,0,46,50,58.97,188.29,266453.7,1.18,1.09,5792.47,,,0.5
47,0.5,0,47,50,58.03,189.36,266453.71,1.16,1.06,5669.23,,,0.5
48,0.5,0,48,50,56.43,189.13,266453.71,1.13,1.04,5551.12,,,0.5
49,0.5,0,49,50,48.73,181.37,266453.70000000007,0.97,1.02,5437.83,,,0.5
50,0.5,0,50,50,48.73,181.37,266453.70000000007,0.97,1.0,5329.07,,,0.5
1,0.6,0,1,50,1361.27,196.13,266984.99,27.23,50.0,266984.99,,,0.6
2,0.6,0,2,50,694.23,195.48,266985.0,13.88,25.0,133492.5,,,0.6
3,0.6,0,3,50,467.73,195.36,266984.99,9.35,16.67,88995.0,,,0.6
4,0.6,0,4,50,360.83,194.34,266985.0,7.22,12.5,66746.25,,,0.6
5,0.6,0,5,50,286.43,198.08,266984.99000000005,5.73,10.0,53397.0,,,0.6
6,0.6,0,6,50,245.73,197.13,266984.99,4.91,8.33,44497.5,,,0.6
7,0.6,0,7,50,212.67,197.46,266985.01,4.25,7.14,38140.72,,,0.6
8,0.6,0,8,50,195.47,193.27,266984.99,3.91,6.25,33373.12,,,0.6
9,0.6,0,9,50,171.63,194.74,266985.0,3.43,5.56,29665.0,,,0.6
10,0.6,0,10,50,152.77,197.82,266985.0,3.06,5.0,26698.5,,,0.6
11,0.6,0,11,50,146.27,197.43,266985.0,2.93,4.55,24271.36,,,0.6
12,0.6,0,12,50,134.0,196.92,266984.97000000003,2.68,4.17,22248.75,,,0.6
13,0.6,0,13,50,124.93,196.87,266984.99,2.5,3.85,20537.31,,,0.6
14,0.6,0,14,50,120.43,197.62,266984.99999999994,2.41,3.57,19070.36,,,0.6
15,0.6,0,15,50,114.1,197.13,266985.01000000007,2.28,3.33,17799.0,,,0.6
16,0.6,0,16,50,108.2,194.89,266985.01,2.16,3.12,16686.56,,,0.6
17,0.6,0,17,50,100.2,193.92,266985.00000000006,2.0,2.94,15705.0,,,0.6
18,0.6,0,18,50,96.93,196.38,266985.01,1.94,2.78,14832.5,,,0.6
19,0.6,0,19,50,96.03,194.76,266985.01,1.92,2.63,14051.84,,,0.6
20,0.6,0,20,50,94.5,199.55,266984.99,1.89,2.5,13349.25,,,0.6
21,0.6,0,21,50,93.9,195.14,266984.99000000005,1.88,2.38,12713.57,,,0.6
22,0.6,0,22,50,90.07,196.28,266985.0,1.8,2.27,12135.68,,,0.6
23,0.6,0,23,50,87.33,196.63,266984.99,1.75,2.17,11608.04,,,0.6
24,0.6,0,24,50,79.37,199.7,266984.9700000001,1.59,2.08,11124.37,,,0.6
25,0.6,0,25,50,73.5,194.9,266984.97000000003,1.47,2.0,10679.4,,,0.6
26,0.6,0,26,50,73.23,198.08,266984.99000000005,1.46,1.92,10268.65,,,0.6
27,0.6,0,27,50,72.1,194.62,266984.99000000005,1.44,1.85,9888.33,,,0.6
28,0.6,0,28,50,71.57,194.68,266984.9900000001,1.43,1.79,9535.18,,,0.6
29,0.6,0,29,50,69.4,196.1,266985.0200000001,1.39,1.72,9206.38,,,0.6
30,0.6,0,30,50,69.2,197.3,266985.01000000007,1.38,1.67,8899.5,,,0.6
31,0.6,0,31,50,69.1,197.4,266985.01,1.38,1.61,8612.42,,,0.6
32,0.6,0,32,50,68.9,198.6,266985.00000000006,1.38,1.56,8343.28,,,0.6
33,0.6,0,33,50,68.07,197.37,266985.01000000007,1.36,1.52,8090.45,,,0.6
34,0.6,0,34,50,67.73,195.36,266984.98,1.35,1.47,7852.5,,,0.6
35,0.6,0,35,50,66.67,195.84,266984.99,1.33,1.43,7628.14,,,0.6
36,0.6,0,36,50,65.83,195.7,266985.01000000007,1.32,1.39,7416.25,,,0.6
37,0.6,0,37,50,65.63,194.19,266985.02,1.31,1.35,7215.81,,,0.6
38,0.6,0,38,50,64.9,197.0,266985.02,1.3,1.32,7025.92,,,0.6
39,0.6,0,39,50,64.7,197.65,266985.0,1.29,1.28,6845.77,,,0.6
40,0.6,0,40,50,64.43,196.5,266985.02,1.29,1.25,6674.63,,,0.6
41,0.6,0,41,50,64.1,198.2,266985.01,1.28,1.22,6511.83,,,0.6
42,0.6,0,42,50,62.3,198.85,266984.99999999994,1.25,1.19,6356.79,,,0.6
43,0.6,0,43,50,59.67,196.69,266984.99999999994,1.19,1.16,6208.95,,,0.6
44,0.6,0,44,50,59.13,196.78,266985.00999999995,1.18,1.14,6067.84,,,0.6
45,0.6,0,45,50,57.5,195.98,266984.99999999994,1.15,1.11,5933.0,,,0.6
46,0.6,0,46,50,56.47,198.71,266985.00999999995,1.13,1.09,5804.02,,,0.6
47,0.6,0,47,50,55.93,198.03,266985.00999999995,1.12,1.06,5680.53,,,0.6
48,0.6,0,48,50,51.07,198.28,266985.02,1.02,1.04,5562.19,,,0.6
49,0.6,0,49,50,47.57,198.33,266985.01,0.95,1.02,5448.67,,,0.6
50,0.6,0,50,50,45.9,191.33,266985.01,0.92,1.0,5339.7,,,0.6
1,0.7000000000000001,0,1,50,1205.4,196.48,236831.81,24.11,50.0,236831.81,,,0.7000000000000001
2,0.7000000000000001,0,2,50,613.27,196.53,236831.81,12.27,25.0,118415.9,,,0.7000000000000001
3,0.7000000000000001,0,3,50,417.2,197.1,236831.8,8.34,16.67,78943.93,,,0.7000000000000001
4,0.7000000000000001,0,4,50,323.9,195.64,236831.81,6.48,12.5,59207.95,,,0.7000000000000001
5,0.7000000000000001,0,5,50,253.23,196.0,236831.81,5.06,10.0,47366.36,,,0.7000000000000001
6,0.7000000000000001,0,6,50,221.57,196.46,236831.8,4.43,8.33,39471.97,,,0.7000000000000001
7,0.7000000000000001,0,7,50,191.23,196.95,236831.81,3.82,7.14,33833.12,,,0.7000000000000001
8,0.7000000000000001,0,8,50,175.73,196.04,236831.81,3.51,6.25,29603.98,,,0.7000000000000001
9,0.7000000000000001,0,9,50,155.73,194.41,236831.8,3.11,5.56,26314.64,,,0.7000000000000001
10,0.7000000000000001,0,10,50,135.67,194.94,236831.82,2.71,5.0,23683.18,,,0.7000000000000001
11,0.7000000000000001,0,11,50,129.83,195.25,236831.8,2.6,4.55,21530.16,,,0.7000000000000001
12,0.7000000000000001,0,12,50,126.53,195.6,236831.79,2.53,4.17,19735.98,,,0.7000000000000001
13,0.7000000000000001,0,13,50,109.77,197.65,236831.81000000003,2.2,3.85,18217.83,,,0.7000000000000001
14,0.7000000000000001,0,14,50,107.67,199.39,236831.81,2.15,3.57,16916.56,,,0.7000000000000001
15,0.7000000000000001,0,15,50,102.17,197.55,236831.82,2.04,3.33,15788.79,,,0.7000000000000001
16,0.7000000000000001,0,16,50,100.37,196.37,236831.81,2.01,3.12,14801.99,,,0.7000000000000001
17,0.7000000000000001,0,17,50,89.33,197.66,236831.82000000004,1.79,2.94,13931.28,,,0.7000000000000001
18,0.7000000000000001,0,18,50,87.37,192.25,236831.8,1.75,2.78,13157.32,,,0.7000000000000001
19,0.7000000000000001,0,19,50,85.97,196.65,236831.8,1.72,2.63,12464.83,,,0.7000000000000001
20,0.7000000000000001,0,20,50,84.63,193.7,236831.8,1.69,2.5,11841.59,,,0.7000000000000001
21,0.7000000000000001,0,21,50,80.93,197.94,236831.81999999995,1.62,2.38,11277.71,,,0.7000000000000001
22,0.7000000000000001,0,22,50,80.57,195.34,236831.79,1.61,2.27,10765.08,,,0.7000000000000001
23,0.7000000000000001,0,23,50,80.2,196.71,236831.81,1.6,2.17,10297.04,,,0.7000000000000001
24,0.7000000000000001,0,24,50,79.3,196.61,236831.81000000008,1.59,2.08,9867.99,,,0.7000000000000001
25,0.7000000000000001,0,25,50,68.0,194.97,236831.79,1.36,2.0,9473.27,,,0.7000000000000001
26,0.7000000000000001,0,26,50,66.77,196.45,236831.77,1.34,1.92,9108.91,,,0.7000000000000001
27,0.7000000000000001,0,27,50,66.57,195.09,236831.8,1.33,1.85,8771.55,,,0.7000000000000001
28,0.7000000000000001,0,28,50,66.03,195.8,236831.80000000005,1.32,1.79,8458.28,,,0.7000000000000001
29,0.7000000000000001,0,29,50,64.7,195.18,236831.81,1.29,1.72,8166.61,,,0.7000000000000001
30,0.7000000000000001,0,30,50,61.27,195.58,236831.79,1.23,1.67,7894.39,,,0.7000000000000001
31,0.7000000000000001,0,31,50,61.07,195.26,236831.79,1.22,1.61,7639.74,,,0.7000000000000001
32,0.7000000000000001,0,32,50,60.63,195.24,236831.79,1.21,1.56,7400.99,,,0.7000000000000001
33,0.7000000000000001,0,33,50,59.2,195.04,236831.8,1.18,1.52,7176.72,,,0.7000000000000001
34,0.7000000000000001,0,34,50,59.17,197.85,236831.78999999995,1.18,1.47,6965.64,,,0.7000000000000001
35,0.7000000000000001,0,35,50,58.17,194.69,236831.77,1.16,1.43,6766.62,,,0.7000000000000001
36,0.7000000000000001,0,36,50,57.7,195.07,236831.79,1.15,1.39,6578.66,,,0.7000000000000001
37,0.7000000000000001,0,37,50,57.6,195.65,236831.8,1.15,1.35,6400.86,,,0.7000000000000001
38,0.7000000000000001,0,38,50,56.6,193.36,236831.81000000003,1.13,1.32,6232.42,,,0.7000000000000001
39,0.7000000000000001,0,39,50,56.57,194.9,236831.81,1.13,1.28,6072.61,,,0.7000000000000001
40,0.7000000000000001,0,40,50,55.47,196.61,236831.82,1.11,1.25,5920.8,,,0.7000000000000001
41,0.7000000000000001,0,41,50,55.03,196.25,236831.82,1.1,1.22,5776.39,,,0.7000000000000001
42,0.7000000000000001,0,42,50,54.17,196.33,236831.81,1.08,1.19,5638.85,,,0.7000000000000001
43,0.7000000000000001,0,43,50,53.97,197.3,236831.81000000008,1.08,1.16,5507.72,,,0.7000000000000001
44,0.7000000000000001,0,44,50,53.6,196.89,236831.82,1.07,1.14,5382.54,,,0.7000000000000001
45,0.7000000000000001,0,45,50,53.5,194.79,236831.82000000004,1.07,1.11,5262.93,,,0.7000000000000001
46,0.7000000000000001,0,46,50,53.13,196.86,236831.82,1.06,1.09,5148.52,,,0.7000000000000001
47,0.7000000000000001,0,47,50,52.23,196.7,236831.83000000005,1.04,1.06,5038.98,,,0.7000000000000001
48,0.7000000000000001,0,48,50,52.13,196.37,236831.8200000001,1.04,1.04,4934.0,,,0.7000000000000001
49,0.7000000000000001,0,49,50,48.13,195.74,236831.8200000001,0.96,1.02,4833.3,,,0.7000000000000001
50,0.7000000000000001,0,50,50,44.0,190.24,236831.8200000001,0.88,1.0,4736.64,,,0.7000000000000001
1,0.8,0,1,50,1488.83,196.39,292392.16,29.78,50.0,292392.16,,,0.8
2,0.8,0,2,50,757.63,195.94,292392.16,15.15,25.0,146196.08,,,0.8
3,0.8,0,3,50,515.63,195.36,292392.16000000003,10.31,16.67,97464.05,,,0.8
4,0.8,0,4,50,400.1,193.39,292392.16,8.0,12.5,73098.04,,,0.8
5,0.8,0,5,50,311.97,196.81,292392.17,6.24,10.0,58478.43,,,0.8
6,0.8,0,6,50,271.43,194.88,292392.15,5.43,8.33,48732.03,,,0.8
7,0.8,0,7,50,235.1,196.51,292392.16000000003,4.7,7.14,41770.31,,,0.8
8,0.8,0,8,50,215.8,197.93,292392.16000000003,4.32,6.25,36549.02,,,0.8
9,0.8,0,9,50,188.83,197.57,292392.15,3.78,5.56,32488.02,,,0.8
10,0.8,0,10,50,165.77,198.09,292392.17000000004,3.32,5.0,29239.22,,,0.8
11,0.8,0,11,50,161.7,192.35,292392.15,3.23,4.55,26581.1,,,0.8
12,0.8,0,12,50,152.7,191.46,292392.17,3.05,4.17,24366.01,,,0.8
13,0.8,0,13,50,135.2,197.06,292392.16000000003,2.7,3.85,22491.7,,,0.8
14,0.8,0,14,50,131.37,196.29,292392.1500000001,2.63,3.57,20885.15,,,0.8
15,0.8,0,15,50,126.93,196.19,292392.16000000003,2.54,3.33,19492.81,,,0.8
16,0.8,0,16,50,121.5,195.84,292392.17000000004,2.43,3.12,18274.51,,,0.8
17,0.8,0,17,50,108.43,195.78,292392.15,2.17,2.94,17199.54,,,0.8
18,0.8,0,18,50,106.17,195.95,292392.17000000004,2.12,2.78,16244.01,,,0.8
19,0.8,0,19,50,103.5,196.68,292392.17,2.07,2.63,15389.06,,,0.8
20,0.8,0,20,50,101.97,196.12,292392.16000000003,2.04,2.5,14619.61,,,0.8
21,0.8,0,21,50,101.43,195.45,292392.16,2.03,2.38,13923.44,,,0.8
22,0.8,0,22,50,98.47,193.39,292392.17999999993,1.97,2.27,13290.55,,,0.8
23,0.8,0,23,50,96.23,194.36,292392.1599999999,1.92,2.17,12712.7,,,0.8
24,0.8,0,24,50,90.8,193.08,292392.16000000003,1.82,2.08,12183.01,,,0.8
25,0.8,0,25,50,79.97,193.51,292392.16000000003,1.6,2.0,11695.69,,,0.8
26,0.8,0,26,50,79.5,193.28,292392.1700000001,1.59,1.92,11245.85,,,0.8
27,0.8,0,27,50,78.87,197.56,292392.18000000005,1.58,1.85,10829.34,,,0.8
28,0.8,0,28,50,77.37,194.69,292392.18,1.55,1.79,10442.58,,,0.8
29,0.8,0,29,50,76.8,195.18,292392.17,1.54,1.72,10082.49,,,0.8
30,0.8,0,30,50,76.7,195.34,292392.1599999999,1.53,1.67,9746.41,,,0.8
31,0.8,0,31,50,76.3,195.91,292392.16000000003,1.53,1.61,9432.01,,,0.8
32,0.8,0,32,50,75.63,195.58,292392.18,1.51,1.56,9137.26,,,0.8
33,0.8,0,33,50,74.73,199.22,292392.16,1.49,1.52,8860.37,,,0.8
34,0.8,0,34,50,73.77,195.52,292392.17000000004,1.48,1.47,8599.77,,,0.8
35,0.8,0,35,50,72.4,194.29,292392.17,1.45,1.43,8354.06,,,0.8
36,0.8,0,36,50,72.37,194.38,292392.15,1.45,1.39,8122.0,,,0.8
37,0.8,0,37,50,70.5,195.73,292392.1600000001,1.41,1.35,7902.49,,,0.8
38,0.8,0,38,50,69.6,196.6,292392.1600000001,1.39,1.32,7694.53,,,0.8
39,0.8,0,39,50,69.37,196.41,292392.15,1.39,1.28,7497.23,,,0.8
40,0.8,0,40,50,68.1,198.69,292392.17,1.36,1.25,7309.8,,,0.8
41,0.8,0,41,50,68.03,197.44,292392.17,1.36,1.22,7131.52,,,0.8
42,0.8,0,42,50,67.5,196.43,292392.17,1.35,1.19,6961.72,,,0.8
43,0.8,0,43,50,65.43,195.12,292392.17,1.31,1.16,6799.82,,,0.8
44,0.8,0,44,50,64.37,195.35,292392.19,1.29,1.14,6645.28,,,0.8
45,0.8,0,45,50,63.8,195.52,292392.18000000005,1.28,1.11,6497.6,,,0.8
46,0.8,0,46,50,61.57,197.11,292392.19,1.23,1.09,6356.35,,,0.8
47,0.8,0,47,50,61.53,196.49,292392.19,1.23,1.06,6221.11,,,0.8
48,0.8,0,48,50,58.03,196.1,292392.18000000005,1.16,1.04,6091.5,,,0.8
49,0.8,0,49,50,56.5,196.47,292392.18,1.13,1.02,5967.19,,,0.8
50,0.8,0,50,50,49.4,190.57,292392.18000000005,0.99,1.0,5847.84,,,0.8
1,0.9,0,1,50,1412.4,197.4,278808.46,28.25,50.0,278808.46,,,0.9
2,0.9,0,2,50,719.47,196.68,278808.46,14.39,25.0,139404.23,,,0.9
3,0.9,0,3,50,490.77,196.58,278808.47000000003,9.82,16.67,92936.16,,,0.9
4,0.9,0,4,50,373.63,195.93,278808.47,7.47,12.5,69702.12,,,0.9
5,0.9,0,5,50,303.97,196.03,278808.46,6.08,10.0,55761.69,,,0.9
6,0.9,0,6,50,258.67,195.53,278808.47000000003,5.17,8.33,46468.08,,,0.9
7,0.9,0,7,50,223.23,197.88,278808.46,4.46,7.14,39829.78,,,0.9
8,0.9,0,8,50,200.7,194.86,278808.48000000004,4.01,6.25,34851.06,,,0.9
9,0.9,0,9,50,182.03,195.63,278808.46,3.64,5.56,30978.72,,,0.9
10,0.9,0,10,50,160.03,196.49,278808.46,3.2,5.0,27880.85,,,0.9
11,0.9,0,11,50,153.27,197.64,278808.46,3.07,4.55,25346.22,,,0.9
12,0.9,0,12,50,141.03,195.05,278808.47,2.82,4.17,23234.04,,,0.9
13,0.9,0,13,50,129.33,195.92,278808.47,2.59,3.85,21446.81,,,0.9
14,0.9,0,14,50,125.27,197.07,278808.46,2.51,3.57,19914.89,,,0.9
15,0.9,0,15,50,123.2,196.34,278808.47,2.46,3.33,18587.23,,,0.9
16,0.9,0,16,50,114.73,193.52,278808.46,2.29,3.12,17425.53,,,0.9
17,0.9,0,17,50,104.7,193.2,278808.46,2.09,2.94,16400.5,,,0.9
18,0.9,0,18,50,100.87,195.05,278808.47,2.02,2.78,15489.36,,,0.9
19,0.9,0,19,50,98.77,193.87,278808.47000000003,1.98,2.63,14674.13,,,0.9
20,0.9,0,20,50,97.17,193.81,278808.45,1.94,2.5,13940.42,,,0.9
21,0.9,0,21,50,94.57,196.86,278808.47,1.89,2.38,13276.59,,,0.9
22,0.9,0,22,50,93.07,196.53,278808.45,1.86,2.27,12673.11,,,0.9
23,0.9,0,23,50,90.23,195.41,278808.48000000004,1.8,2.17,12122.11,,,0.9
24,0.9,0,24,50,84.63,193.64,278808.47,1.69,2.08,11617.02,,,0.9
25,0.9,0,25,50,78.77,191.85,278808.44,1.58,2.0,11152.34,,,0.9
26,0.9,0,26,50,77.1,192.95,278808.4699999999,1.54,1.92,10723.4,,,0.9
27,0.9,0,27,50,76.53,191.9,278808.47000000003,1.53,1.85,10326.24,,,0.9
28,0.9,0,28,50,76.2,193.07,278808.49,1.52,1.79,9957.45,,,0.9
29,0.9,0,29,50,76.07,193.34,278808.44999999995,1.52,1.72,9614.08,,,0.9
30,0.9,0,30,50,75.37,196.43,278808.47,1.51,1.67,9293.62,,,0.9
31,0.9,0,31,50,75.2,191.9,278808.49,1.5,1.61,8993.82,,,0.9
32,0.9,0,32,50,74.97,191.51,278808.48,1.5,1.56,8712.76,,,0.9
33,0.9,0,33,50,73.9,194.23,278808.45,1.48,1.52,8448.74,,,0.9
34,0.9,0,34,50,72.8,192.15,278808.44000000006,1.46,1.47,8200.25,,,0.9
35,0.9,0,35,50,71.73,192.14,278808.4700000001,1.43,1.43,7965.96,,,0.9
36,0.9,0,36,50,69.17,193.29,278808.48000000004,1.38,1.39,7744.68,,,0.9
37,0.9,0,37,50,67.5,191.35,278808.47000000003,1.35,1.35,7535.36,,,0.9
38,0.9,0,38,50,66.93,193.4,278808.48,1.34,1.32,7337.07,,,0.9
39,0.9,0,39,50,66.17,194.32,278808.48,1.32,1.28,7148.94,,,0.9
40,0.9,0,40,50,64.57,194.24,278808.4699999999,1.29,1.25,6970.21,,,0.9
41,0.9,0,41,50,64.27,193.06,278808.4799999999,1.29,1.22,6800.21,,,0.9
42,0.9,0,42,50,63.73,194.34,278808.47,1.27,1.19,6638.3,,,0.9
43,0.9,0,43,50,62.23,193.78,278808.48000000004,1.24,1.16,6483.92,,,0.9
44,0.9,0,44,50,61.8,196.07,278808.49,1.24,1.14,6336.56,,,0.9
45,0.9,0,45,50,61.77,196.17,278808.48000000004,1.24,1.11,6195.74,,,0.9
46,0.9,0,46,50,59.4,194.13,278808.48000000004,1.19,1.09,6061.05,,,0.9
47,0.9,0,47,50,59.03,193.83,278808.49000000005,1.18,1.06,5932.1,,,0.9
48,0.9,0,48,50,54.27,193.06,278808.4900000001,1.09,1.04,5808.51,,,0.9
49,0.9,0,49,50,51.83,192.94,278808.49000000005,1.04,1.02,5689.97,,,0.9
50,0.9,0,50,50,48.73,187.27,278808.49,0.97,1.0,5576.17,,,0.9
1,0.1,1,1,50,858.7,193.24,165933.18,17.17,50.0,165933.18,,,0.1
2,0.1,1,2,50,446.57,189.47,167897.37,8.93,25.0,83948.68,,,0.1
3,0.1,1,3,50,313.37,188.65,171418.32,6.27,16.67,57139.44,,,0.1
4,0.1,1,4,50,243.4,185.11,173026.87,4.87,12.5,43256.72,,,0.1
5,0.1,1,5,50,201.13,177.02,176663.43000000002,4.02,10.0,35332.69,,,0.1
6,0.1,1,6,50,178.8,182.82,184297.16,3.58,8.33,30716.19,,,0.1
7,0.1,1,7,50,161.13,181.87,187084.29,3.22,7.14,26726.33,,,0.1
8,0.1,1,8,50,143.37,179.13,191608.08,2.87,6.25,23951.01,,,0.1
9,0.1,1,9,50,132.5,182.5,199650.45,2.65,5.56,22183.38,,,0.1
10,0.1,1,10,50,125.63,180.79,206573.99,2.51,5.0,20657.4,,,0.1
11,0.1,1,11,50,117.37,190.1,213877.9,2.35,4.55,19443.45,,,0.1
12,0.1,1,12,50,112.03,195.47,222422.11000000004,2.24,4.17,18535.18,,,0.1
13,0.1,1,13,50,108.9,189.48,234743.83,2.18,3.85,18057.22,,,0.1
14,0.1,1,14,50,105.37,201.0,244471.18,2.11,3.57,17462.23,,,0.1
15,0.1,1,15,50,103.23,202.86,257052.81000000003,2.06,3.33,17136.85,,,0.1
16,0.1,1,16,50,102.8,202.4,271908.02,2.06,3.12,16994.25,,,0.1
17,0.1,1,17,50,99.83,213.83,285946.49,2.0,2.94,16820.38,,,0.1
18,0.1,1,18,50,93.97,213.79,299968.04,1.88,2.78,16664.89,,,0.1
19,0.1,1,19,50,90.3,221.0,314471.12,1.81,2.63,16551.11,,,0.1
20,0.1,1,20,50,88.47,235.76,328217.43,1.77,2.5,16410.87,,,0.1
21,0.1,1,21,50,88.47,219.36,339118.24,1.77,2.38,16148.49,,,0.1
22,0.1,1,22,50,88.47,218.55,350646.42000000004,1.77,2.27,15938.47,,,0.1
23,0.1,1,23,50,87.0,220.75,361049.86,1.74,2.17,15697.82,,,0.1
24,0.1,1,24,50,84.07,235.5,371237.31,1.68,2.08,15468.22,,,0.1
25,0.1,1,25,50,82.97,242.76,381184.66,1.66,2.0,15247.39,,,0.1
26,0.1,1,26,50,80.77,239.39,389843.18,1.62,1.92,14993.97,,,0.1
27,0.1,1,27,50,80.4,270.18,399641.51,1.61,1.85,14801.54,,,0.1
28,0.1,1,28,50,80.4,246.92,408939.28,1.61,1.79,14604.97,,,0.1
29,0.1,1,29,50,77.1,258.69,417453.89,1.54,1.72,14394.96,,,0.1
30,0.1,1,30,50,77.1,256.81,425199.68000000005,1.54,1.67,14173.32,,,0.1
31,0.1,1,31,50,76.37,264.54,432980.1800000001,1.53,1.61,13967.1,,,0.1
32,0.1,1,32,50,76.37,259.08,440091.5500000001,1.53,1.56,13752.86,,,0.1
33,0.1,1,33,50,75.63,255.3,447393.4700000001,1.51,1.52,13557.38,,,0.1
34,0.1,1,34,50,75.27,256.54,453960.4000000001,1.51,1.47,13351.78,,,0.1
35,0.1,1,35,50,73.43,281.25,460936.98,1.47,1.43,13169.63,,,0.1
36,0.1,1,36,50,73.43,261.49,467352.59,1.47,1.39,12982.02,,,0.1
37,0.1,1,37,50,72.33,254.77,473739.1,1.45,1.35,12803.76,,,0.1
38,0.1,1,38,50,72.33,245.33,479301.35,1.45,1.32,12613.19,,,0.1
39,0.1,1,39,50,72.33,258.49,484536.5999999999,1.45,1.28,12424.02,,,0.1
40,0.1,1,40,50,72.33,249.08,489769.0299999999,1.45,1.25,12244.23,,,0.1
41,0.1,1,41,50,70.87,265.96,494885.14,1.42,1.22,12070.37,,,0.1
42,0.1,1,42,50,69.03,257.88,499871.0500000001,1.38,1.19,11901.69,,,0.1
43,0.1,1,43,50,68.67,278.5,504170.62,1.37,1.16,11724.9,,,0.1
44,0.1,1,44,50,67.57,272.37,507863.9,1.35,1.14,11542.36,,,0.1
45,0.1,1,45,50,67.57,272.42,509966.7299999999,1.35,1.11,11332.59,,,0.1
46,0.1,1,46,50,67.57,257.39,512077.1199999999,1.35,1.09,11132.11,,,0.1
47,0.1,1,47,50,67.57,267.08,514055.9199999999,1.35,1.06,10937.36,,,0.1
48,0.1,1,48,50,67.57,267.15,515533.4399999999,1.35,1.04,10740.28,,,0.1
49,0.1,1,49,50,67.57,267.22,517007.5,1.35,1.02,10551.17,,,0.1
50,0.1,1,50,50,67.57,258.86,518483.2899999999,1.35,1.0,10369.67,,,0.1
1,0.2,1,1,50,865.93,192.85,166993.99,17.32,50.0,166993.99,,,0.2
2,0.2,1,2,50,447.4,189.22,169087.66,8.95,25.0,84543.83,,,0.2
3,0.2,1,3,50,312.63,188.03,171350.71,6.25,16.67,57116.9,,,0.2
4,0.2,1,4,50,243.33,183.1,174437.35,4.87,12.5,43609.34,,,0.2
5,0.2,1,5,50,202.73,186.67,181988.48,4.05,10.0,36397.7,,,0.2
6,0.2,1,6,50,179.9,189.57,186066.08,3.6,8.33,31011.01,,,0.2
7,0.2,1,7,50,161.03,177.16,192013.73,3.22,7.14,27430.53,,,0.2
8,0.2,1,8,50,148.1,181.35,200229.51,2.96,6.25,25028.69,,,0.2
9,0.2,1,9,50,137.43,185.75,210576.7,2.75,5.56,23397.41,,,0.2
10,0.2,1,10,50,129.67,185.43,218528.79,2.59,5.0,21852.88,,,0.2
11,0.2,1,11,50,124.17,182.43,226585.38,2.48,4.55,20598.67,,,0.2
12,0.2,1,12,50,115.9,185.35,233654.61,2.32,4.17,19471.22,,,0.2
13,0.2,1,13,50,114.0,200.34,250115.2,2.28,3.85,19239.63,,,0.2
14,0.2,1,14,50,110.47,194.3,261510.27,2.21,3.57,18679.31,,,0.2
15,0.2,1,15,50,104.83,200.44,276433.08,2.1,3.33,18428.87,,,0.2
16,0.2,1,16,50,102.47,232.29,292755.67000000004,2.05,3.12,18297.23,,,0.2
17,0.2,1,17,50,102.1,194.51,306747.7899999999,2.04,2.94,18043.99,,,0.2
18,0.2,1,18,50,98.07,223.48,319762.72,1.96,2.78,17764.6,,,0.2
19,0.2,1,19,50,95.5,233.72,334705.39,1.91,2.63,17616.07,,,0.2
20,0.2,1,20,50,89.27,264.35,347353.15,1.79,2.5,17367.66,,,0.2
21,0.2,1,21,50,89.27,267.76,358754.5800000001,1.79,2.38,17083.55,,,0.2
22,0.2,1,22,50,88.17,262.96,370822.56,1.76,2.27,16855.57,,,0.2
23,0.2,1,23,50,85.97,258.51,382135.41,1.72,2.17,16614.58,,,0.2
24,0.2,1,24,50,85.23,249.8,390886.92999999993,1.7,2.08,16286.96,,,0.2
25,0.2,1,25,50,84.87,269.8,398979.04,1.7,2.0,15959.16,,,0.2
26,0.2,1,26,50,84.87,252.46,406932.52,1.7,1.92,15651.25,,,0.2
27,0.2,1,27,50,84.5,262.77,414598.0399999999,1.69,1.85,15355.48,,,0.2
28,0.2,1,28,50,84.5,271.05,421966.56,1.69,1.79,15070.23,,,0.2
29,0.2,1,29,50,84.13,259.95,430943.0500000001,1.68,1.72,14860.11,,,0.2
30,0.2,1,30,50,83.03,263.47,438660.44000000006,1.66,1.67,14622.01,,,0.2
31,0.2,1,31,50,83.03,263.49,446173.73,1.66,1.61,14392.7,,,0.2
32,0.2,1,32,50,83.03,263.49,453650.7299999999,1.66,1.56,14176.59,,,0.2
33,0.2,1,33,50,81.93,257.27,461360.44,1.64,1.52,13980.62,,,0.2
34,0.2,1,34,50,81.93,257.52,468591.15,1.64,1.47,13782.09,,,0.2
35,0.2,1,35,50,81.57,271.84,475280.2799999999,1.63,1.43,13579.44,,,0.2
36,0.2,1,36,50,81.57,275.33,482161.51999999984,1.63,1.39,13393.38,,,0.2
37,0.2,1,37,50,81.2,276.57,488632.4600000001,1.62,1.35,13206.28,,,0.2
38,0.2,1,38,50,79.73,265.68,495183.81000000006,1.59,1.32,13031.15,,,0.2
39,0.2,1,39,50,79.0,257.66,500743.70000000007,1.58,1.28,12839.58,,,0.2
40,0.2,1,40,50,79.0,254.57,505764.2900000001,1.58,1.25,12644.11,,,0.2
41,0.2,1,41,50,79.0,254.57,511088.5500000001,1.58,1.22,12465.57,,,0.2
42,0.2,1,42,50,77.9,247.91,515789.5100000001,1.56,1.19,12280.7,,,0.2
43,0.2,1,43,50,77.9,267.63,520367.9900000001,1.56,1.16,12101.58,,,0.2
44,0.2,1,44,50,76.8,271.46,524831.02,1.54,1.14,11927.98,,,0.2
45,0.2,1,45,50,76.43,258.97,528471.0900000001,1.53,1.11,11743.8,,,0.2
46,0.2,1,46,50,76.07,269.52,532199.9500000001,1.52,1.09,11569.56,,,0.2
47,0.2,1,47,50,75.7,270.82,535711.7100000001,1.51,1.06,11398.12,,,0.2
48,0.2,1,48,50,72.03,268.79,538909.7100000001,1.44,1.04,11227.29,,,0.2
49,0.2,1,49,50,72.03,268.79,539532.0600000002,1.44,1.02,11010.86,,,0.2
50,0.2,1,50,50,72.03,266.79,540082.0100000002,1.44,1.0,10801.64,,,0.2
1,0.30000000000000004,1,1,50,805.07,194.26,156393.46,16.1,50.0,156393.46,,,0.3
2,0.30000000000000004,1,2,50,418.37,190.63,159499.6,8.37,25.0,79749.8,,,0.3
3,0.30000000000000004,1,3,50,291.93,187.84,161147.58000000002,5.84,16.67,53715.86,,,0.3
4,0.30000000000000004,1,4,50,230.63,183.76,163487.46,4.61,12.5,40871.86,,,0.3
5,0.30000000000000004,1,5,50,191.9,179.29,168554.78000000003,3.84,10.0,33710.96,,,0.3
6,0.30000000000000004,1,6,50,166.57,184.68,175148.53,3.33,8.33,29191.42,,,0.3
7,0.30000000000000004,1,7,50,149.07,181.22,180729.8,2.98,7.14,25818.54,,,0.3
8,0.30000000000000004,1,8,50,137.43,191.86,191799.53,2.75,6.25,23974.94,,,0.3
9,0.30000000000000004,1,9,50,129.4,187.36,201849.81,2.59,5.56,22427.76,,,0.3
10,0.30000000000000004,1,10,50,123.27,186.78,211214.88,2.47,5.0,21121.49,,,0.3
11,0.30000000000000004,1,11,50,115.4,189.03,219893.35,2.31,4.55,19990.3,,,0.3
12,0.30000000000000004,1,12,50,112.87,194.69,231829.61,2.26,4.17,19319.13,,,0.3
13,0.30000000000000004,1,13,50,110.57,209.42,241810.22000000003,2.21,3.85,18600.79,,,0.3
14,0.30000000000000004,1,14,50,107.1,201.4,254619.02,2.14,3.57,18187.07,,,0.3
15,0.30000000000000004,1,15,50,106.4,197.55,269901.19,2.13,3.33,17993.41,,,0.3
16,0.30000000000000004,1,16,50,100.57,220.75,283283.23,2.01,3.12,17705.2,,,0.3
17,0.30000000000000004,1,17,50,97.63,218.97,298331.61000000004,1.95,2.94,17548.92,,,0.3
18,0.30000000000000004,1,18,50,95.43,216.03,313337.64,1.91,2.78,17407.65,,,0.3
19,0.30000000000000004,1,19,50,90.67,230.6,327405.99,1.81,2.63,17231.89,,,0.3
20,0.30000000000000004,1,20,50,89.57,233.38,340246.61,1.79,2.5,17012.33,,,0.3
21,0.30000000000000004,1,21,50,87.0,237.85,351766.6499999999,1.74,2.38,16750.79,,,0.3
22,0.30000000000000004,1,22,50,87.0,244.04,363037.57,1.74,2.27,16501.71,,,0.3
23,0.30000000000000004,1,23,50,83.33,245.69,374112.5499999999,1.67,2.17,16265.76,,,0.3
24,0.30000000000000004,1,24,50,81.13,260.38,384232.3499999999,1.62,2.08,16009.68,,,0.3
25,0.30000000000000004,1,25,50,80.4,257.45,394466.49,1.61,2.0,15778.66,,,0.3
26,0.30000000000000004,1,26,50,80.4,258.36,404724.5999999999,1.61,1.92,15566.33,,,0.3
27,0.30000000000000004,1,27,50,80.4,254.11,414099.79,1.61,1.85,15337.03,,,0.3
28,0.30000000000000004,1,28,50,76.73,268.25,422640.68000000005,1.53,1.79,15094.31,,,0.3
29,0.30000000000000004,1,29,50,76.37,269.53,430597.33,1.53,1.72,14848.18,,,0.3
30,0.30000000000000004,1,30,50,75.27,269.04,437875.53,1.51,1.67,14595.85,,,0.3
31,0.30000000000000004,1,31,50,75.27,269.04,444916.33,1.51,1.61,14352.14,,,0.3
32,0.30000000000000004,1,32,50,73.07,267.79,452540.14,1.46,1.56,14141.88,,,0.3
33,0.30000000000000004,1,33,50,72.33,270.35,459054.79,1.45,1.52,13910.75,,,0.3
34,0.30000000000000004,1,34,50,72.33,261.23,464963.20000000007,1.45,1.47,13675.39,,,0.3
35,0.30000000000000004,1,35,50,72.33,256.46,470129.6,1.45,1.43,13432.27,,,0.3
36,0.30000000000000004,1,36,50,72.33,260.86,474566.45,1.45,1.39,13182.4,,,0.3
37,0.30000000000000004,1,37,50,72.33,257.98,478965.9900000001,1.45,1.35,12945.03,,,0.3
38,0.30000000000000004,1,38,50,72.33,257.66,482956.6400000001,1.45,1.32,12709.39,,,0.3
39,0.30000000000000004,1,39,50,72.33,259.33,486703.89,1.45,1.28,12479.59,,,0.3
40,0.30000000000000004,1,40,50,72.33,254.52,490516.9200000001,1.45,1.25,12262.92,,,0.3
41,0.30000000000000004,1,41,50,72.33,255.76,494111.0700000001,1.45,1.22,12051.49,,,0.3
42,0.30000000000000004,1,42,50,72.33,255.76,497672.26000000007,1.45,1.19,11849.34,,,0.3
43,0.30000000000000004,1,43,50,72.33,248.35,501135.3000000001,1.45,1.16,11654.31,,,0.3
44,0.30000000000000004,1,44,50,72.33,252.22,503773.33,1.45,1.14,11449.39,,,0.3
45,0.30000000000000004,1,45,50,72.33,254.22,506532.5600000001,1.45,1.11,11256.28,,,0.3
46,0.30000000000000004,1,46,50,72.33,249.42,509203.22000000015,1.45,1.09,11069.64,,,0.3
47,0.30000000000000004,1,47,50,72.33,250.73,511653.9200000001,1.45,1.06,10886.25,,,0.3
48,0.30000000000000004,1,48,50,72.33,250.73,514022.19000000006,1.45,1.04,10708.8,,,0.3
49,0.30000000000000004,1,49,50,72.33,243.6,516260.5900000001,1.45,1.02,10535.93,,,0.3
50,0.30000000000000004,1,50,50,72.33,237.93,517999.8600000001,1.45,1.0,10360.0,,,0.3
1,0.4,1,1,50,877.77,192.22,168723.76,17.56,50.0,168723.76,,,0.4
2,0.4,1,2,50,454.6,189.82,171982.47,9.09,25.0,85991.24,,,0.4
3,0.4,1,3,50,320.8,187.56,176494.61000000002,6.42,16.67,58831.54,,,0.4
4,0.4,1,4,50,253.1,182.61,181153.33,5.06,12.5,45288.33,,,0.4
5,0.4,1,5,50,212.53,182.09,189393.38,4.25,10.0,37878.68,,,0.4
6,0.4,1,6,50,182.77,191.2,196283.64,3.66,8.33,32713.94,,,0.4
7,0.4,1,7,50,163.27,190.53,203567.56,3.27,7.14,29081.08,,,0.4
8,0.4,1,8,50,150.67,194.93,214119.74,3.01,6.25,26764.97,,,0.4
9,0.4,1,9,50,140.93,191.48,223754.51,2.82,5.56,24861.61,,,0.4
10,0.4,1,10,50,132.67,203.02,233009.84,2.65,5.0,23300.98,,,0.4
11,0.4,1,11,50,126.03,201.17,240327.02,2.52,4.55,21847.91,,,0.4
12,0.4,1,12,50,119.77,192.06,247469.74,2.4,4.17,20622.48,,,0.4
13,0.4,1,13,50,113.4,192.96,256328.18,2.27,3.85,19717.55,,,0.4
14,0.4,1,14,50,110.23,197.76,271122.29,2.2,3.57,19365.88,,,0.4
15,0.4,1,15,50,107.03,218.18,286289.27,2.14,3.33,19085.95,,,0.4
16,0.4,1,16,50,104.97,216.8,302629.55999999994,2.1,3.12,18914.35,,,0.4
17,0.4,1,17,50,103.5,220.68,318068.02,2.07,2.94,18709.88,,,0.4
18,0.4,1,18,50,98.73,214.97,332819.13000000006,1.97,2.78,18489.95,,,0.4
19,0.4,1,19,50,95.43,227.27,345748.4,1.91,2.63,18197.28,,,0.4
20,0.4,1,20,50,94.33,236.77,360149.25,1.89,2.5,18007.46,,,0.4
21,0.4,1,21,50,92.87,241.87,370906.19000000006,1.86,2.38,17662.2,,,0.4
22,0.4,1,22,50,88.1,250.44,380467.6,1.76,2.27,17293.98,,,0.4
23,0.4,1,23,50,87.37,234.9,391193.5500000001,1.75,2.17,17008.42,,,0.4
24,0.4,1,24,50,83.33,263.07,400081.76000000007,1.67,2.08,16670.07,,,0.4
25,0.4,1,25,50,82.97,264.2,409431.88,1.66,2.0,16377.28,,,0.4
26,0.4,1,26,50,82.97,245.16,418077.81000000006,1.66,1.92,16079.92,,,0.4
27,0.4,1,27,50,81.13,262.28,426512.38000000006,1.62,1.85,15796.75,,,0.4
28,0.4,1,28,50,80.77,255.04,434756.91,1.62,1.79,15527.03,,,0.4
29,0.4,1,29,50,80.77,257.71,442956.24,1.62,1.72,15274.35,,,0.4
30,0.4,1,30,50,80.03,255.9,451490.27,1.6,1.67,15049.68,,,0.4
31,0.4,1,31,50,77.83,265.96,459811.8,1.56,1.61,14832.64,,,0.4
32,0.4,1,32,50,77.47,267.26,466862.77,1.55,1.56,14589.46,,,0.4
33,0.4,1,33,50,77.47,266.01,473409.22,1.55,1.52,14345.73,,,0.4
34,0.4,1,34,50,77.47,258.87,479768.83,1.55,1.47,14110.85,,,0.4
35,0.4,1,35,50,77.1,259.51,486102.18000000005,1.54,1.43,13888.63,,,0.4
36,0.4,1,36,50,76.0,262.34,492461.78000000014,1.52,1.39,13679.49,,,0.4
37,0.4,1,37,50,75.63,266.49,498541.27,1.51,1.35,13474.09,,,0.4
38,0.4,1,38,50,74.53,263.0,504231.92,1.49,1.32,13269.26,,,0.4
39,0.4,1,39,50,73.8,262.88,509889.16,1.48,1.28,13074.08,,,0.4
40,0.4,1,40,50,73.8,262.63,515283.96,1.48,1.25,12882.1,,,0.4
41,0.4,1,41,50,71.97,263.4,520580.62,1.44,1.22,12697.09,,,0.4
42,0.4,1,42,50,71.97,258.39,525059.11,1.44,1.19,12501.41,,,0.4
43,0.4,1,43,50,71.97,257.42,529391.5599999999,1.44,1.16,12311.43,,,0.4
44,0.4,1,44,50,71.97,252.11,533099.35,1.44,1.14,12115.89,,,0.4
45,0.4,1,45,50,71.97,242.9,536735.9600000001,1.44,1.11,11927.47,,,0.4
46,0.4,1,46,50,71.97,242.9,539525.03,1.44,1.09,11728.81,,,0.4
47,0.4,1,47,50,71.97,242.63,541622.0,1.44,1.06,11523.87,,,0.4
48,0.4,1,48,50,71.97,242.63,543508.93,1.44,1.04,11323.1,,,0.4
49,0.4,1,49,50,71.97,242.63,544927.74,1.44,1.02,11120.97,,,0.4
50,0.4,1,50,50,71.97,242.63,546345.77,1.44,1.0,10926.92,,,0.4
1,0.5,1,1,50,885.03,193.41,171172.3,17.7,50.0,171172.3,,,0.5
2,0.5,1,2,50,459.13,191.28,175078.37,9.18,25.0,87539.18,,,0.5
3,0.5,1,3,50,322.43,188.15,181393.03,6.45,16.67,60464.34,,,0.5
4,0.5,1,4,50,254.2,185.63,186398.05,5.08,12.5,46599.51,,,0.5
5,0.5,1,5,50,212.5,188.6,190846.67,4.25,10.0,38169.33,,,0.5
6,0.5,1,6,50,183.37,180.38,194008.39,3.67,8.33,32334.73,,,0.5
7,0.5,1,7,50,161.33,184.52,200612.43,3.23,7.14,28658.92,,,0.5
8,0.5,1,8,50,145.9,183.2,206180.44,2.92,6.25,25772.56,,,0.5
9,0.5,1,9,50,136.43,184.38,213177.52,2.73,5.56,23686.39,,,0.5
10,0.5,1,10,50,127.6,186.96,217573.73,2.55,5.0,21757.37,,,0.5
11,0.5,1,11,50,123.27,179.24,224527.74,2.47,4.55,20411.61,,,0.5
12,0.5,1,12,50,118.23,175.34,230395.98000000004,2.36,4.17,19199.67,,,0.5
13,0.5,1,13,50,116.7,188.96,240116.23,2.33,3.85,18470.48,,,0.5
14,0.5,1,14,50,112.1,185.42,253026.02,2.24,3.57,18073.29,,,0.5
15,0.5,1,15,50,108.43,190.62,268789.78,2.17,3.33,17919.32,,,0.5
16,0.5,1,16,50,107.97,190.59,286397.64,2.16,3.12,17899.85,,,0.5
17,0.5,1,17,50,104.5,205.77,304492.22000000003,2.09,2.94,17911.31,,,0.5
18,0.5,1,18,50,103.3,202.85,320103.69,2.07,2.78,17783.54,,,0.5
19,0.5,1,19,50,103.27,217.65,335002.31000000006,2.07,2.63,17631.7,,,0.5
20,0.5,1,20,50,103.13,215.07,349847.18999999994,2.06,2.5,17492.36,,,0.5
21,0.5,1,21,50,98.37,210.67,362336.03,1.97,2.38,17254.1,,,0.5
22,0.5,1,22,50,97.63,226.43,376221.71,1.95,2.27,17100.99,,,0.5
23,0.5,1,23,50,96.9,214.83,389077.95,1.94,2.17,16916.43,,,0.5
24,0.5,1,24,50,92.87,231.54,400036.53,1.86,2.08,16668.19,,,0.5
25,0.5,1,25,50,92.5,210.47,411071.5799999999,1.85,2.0,16442.86,,,0.5
26,0.5,1,26,50,92.13,209.32,421614.91,1.84,1.92,16215.96,,,0.5
27,0.5,1,27,50,92.13,222.65,430259.8299999999,1.84,1.85,15935.55,,,0.5
28,0.5,1,28,50,86.27,239.31,437614.1200000001,1.73,1.79,15629.08,,,0.5
29,0.5,1,29,50,85.53,241.71,445607.7300000001,1.71,1.72,15365.78,,,0.5
30,0.5,1,30,50,83.33,248.17,452949.4700000001,1.67,1.67,15098.32,,,0.5
31,0.5,1,31,50,82.97,243.84,460433.50000000006,1.66,1.61,14852.69,,,0.5
32,0.5,1,32,50,81.13,241.71,468382.14,1.62,1.56,14636.94,,,0.5
33,0.5,1,33,50,80.4,245.45,476329.32000000007,1.61,1.52,14434.22,,,0.5
34,0.5,1,34,50,80.4,253.35,484072.8100000001,1.61,1.47,14237.44,,,0.5
35,0.5,1,35,50,80.4,255.42,491404.27000000014,1.61,1.43,14040.12,,,0.5
36,0.5,1,36,50,80.4,255.11,499566.62000000017,1.61,1.39,13876.85,,,0.5
37,0.5,1,37,50,80.03,271.93,507151.71000000014,1.6,1.35,13706.8,,,0.5
38,0.5,1,38,50,79.3,275.58,514943.43000000017,1.59,1.32,13551.14,,,0.5
39,0.5,1,39,50,79.3,267.58,522276.03,1.59,1.28,13391.69,,,0.5
40,0.5,1,40,50,79.3,249.15,529488.41,1.59,1.25,13237.21,,,0.5
41,0.5,1,41,50,78.93,271.01,536466.3900000001,1.58,1.22,13084.55,,,0.5
42,0.5,1,42,50,77.47,268.03,543311.9400000001,1.55,1.19,12936.0,,,0.5
43,0.5,1,43,50,77.47,271.5,550025.5499999999,1.55,1.16,12791.29,,,0.5
44,0.5,1,44,50,77.47,263.35,556105.6799999999,1.55,1.14,12638.77,,,0.5
45,0.5,1,45,50,77.47,258.75,561968.82,1.55,1.11,12488.2,,,0.5
46,0.5,1,46,50,75.27,272.67,567676.57,1.51,1.09,12340.79,,,0.5
47,0.5,1,47,50,74.9,265.7,573402.3899999999,1.5,1.06,12200.05,,,0.5
48,0.5,1,48,50,72.33,266.38,577907.2800000001,1.45,1.04,12039.74,,,0.5
49,0.5,1,49,50,69.4,266.67,582350.25,1.39,1.02,11884.7,,,0.5
50,0.5,1,50,50,69.4,266.67,585150.7699999999,1.39,1.0,11703.02,,,0.5
1,0.6,1,1,50,840.03,194.47,163361.61,16.8,50.0,163361.61,,,0.6
2,0.6,1,2,50,438.0,191.37,166923.22,8.76,25.0,83461.61,,,0.6
3,0.6,1,3,50,305.6,188.85,171833.52000000002,6.11,16.67,57277.84,,,0.6
4,0.6,1,4,50,240.47,184.41,175720.68,4.81,12.5,43930.17,,,0.6
5,0.6,1,5,50,197.57,187.12,180115.87,3.95,10.0,36023.17,,,0.6
6,0.6,1,6,50,172.47,183.84,186707.82,3.45,8.33,31117.97,,,0.6
7,0.6,1,7,50,154.9,178.59,190151.26,3.1,7.14,27164.47,,,0.6
8,0.6,1,8,50,140.97,179.06,194971.59000000003,2.82,6.25,24371.45,,,0.6
9,0.6,1,9,50,130.6,179.51,202204.89,2.61,5.56,22467.21,,,0.6
10,0.6,1,10,50,124.47,180.36,210787.11,2.49,5.0,21078.71,,,0.6
11,0.6,1,11,50,117.4,185.04,218600.47,2.35,4.55,19872.77,,,0.6
12,0.6,1,12,50,112.1,185.25,227798.21999999997,2.24,4.17,18983.18,,,0.6
13,0.6,1,13,50,108.5,199.68,238440.78000000003,2.17,3.85,18341.6,,,0.6
14,0.6,1,14,50,104.73,192.15,252033.19,2.09,3.57,18002.37,,,0.6
15,0.6,1,15,50,104.57,190.65,268851.91,2.09,3.33,17923.46,,,0.6
16,0.6,1,16,50,98.73,214.74,286726.6,1.97,3.12,17920.41,,,0.6
17,0.6,1,17,50,95.43,222.19,301097.63,1.91,2.94,17711.63,,,0.6
18,0.6,1,18,50,93.23,228.32,316196.74000000005,1.86,2.78,17566.49,,,0.6
19,0.6,1,19,50,92.5,221.05,330223.6700000001,1.85,2.63,17380.19,,,0.6
20,0.6,1,20,50,89.93,225.54,341913.82000000007,1.8,2.5,17095.69,,,0.6
21,0.6,1,21,50,88.83,243.57,355049.66000000003,1.78,2.38,16907.13,,,0.6
22,0.6,1,22,50,87.73,253.3,366357.9599999999,1.75,2.27,16652.63,,,0.6
23,0.6,1,23,50,86.63,253.75,377280.04,1.73,2.17,16403.48,,,0.6
24,0.6,1,24,50,85.9,250.06,387699.43,1.72,2.08,16154.14,,,0.6
25,0.6,1,25,50,85.17,245.48,397287.5500000001,1.7,2.0,15891.5,,,0.6
26,0.6,1,26,50,82.6,255.68,405892.2400000001,1.65,1.92,15611.24,,,0.6
27,0.6,1,27,50,81.5,274.58,414360.42,1.63,1.85,15346.68,,,0.6
28,0.6,1,28,50,80.77,233.34,422334.0999999999,1.62,1.79,15083.36,,,0.6
29,0.6,1,29,50,79.3,237.71,429651.61,1.59,1.72,14815.57,,,0.6
30,0.6,1,30,50,77.1,244.49,437803.32,1.54,1.67,14593.44,,,0.6
31,0.6,1,31,50,77.1,261.89,444027.57,1.54,1.61,14323.47,,,0.6
32,0.6,1,32,50,77.1,260.49,450884.6,1.54,1.56,14090.14,,,0.6
33,0.6,1,33,50,76.37,281.14,457255.4799999999,1.53,1.52,13856.23,,,0.6
34,0.6,1,34,50,76.0,265.35,464122.3199999999,1.52,1.47,13650.66,,,0.6
35,0.6,1,35,50,76.0,283.5,470287.9,1.52,1.43,13436.8,,,0.6
36,0.6,1,36,50,76.0,250.99,476775.77,1.52,1.39,13243.77,,,0.6
37,0.6,1,37,50,75.63,265.38,482755.7999999999,1.51,1.35,13047.45,,,0.6
38,0.6,1,38,50,75.63,262.17,488639.96,1.51,1.32,12858.95,,,0.6
39,0.6,1,39,50,75.63,263.27,494340.6099999999,1.51,1.28,12675.4,,,0.6
40,0.6,1,40,50,75.63,260.69,499927.5999999999,1.51,1.25,12498.19,,,0.6
41,0.6,1,41,50,75.63,271.52,505464.5,1.51,1.22,12328.4,,,0.6
42,0.6,1,42,50,73.8,284.49,510931.0800000001,1.48,1.19,12165.03,,,0.6
43,0.6,1,43,50,73.8,257.51,516112.06,1.48,1.16,12002.61,,,0.6
44,0.6,1,44,50,72.33,270.97,520883.73,1.45,1.14,11838.27,,,0.6
45,0.6,1,45,50,72.7,276.46,525285.3999999999,1.45,1.11,11673.01,,,0.6
46,0.6,1,46,50,70.5,269.71,529576.1,1.41,1.09,11512.52,,,0.6
47,0.6,1,47,50,70.5,272.0,532407.8400000001,1.41,1.06,11327.83,,,0.6
48,0.6,1,48,50,70.5,276.37,535221.15,1.41,1.04,11150.44,,,0.6
49,0.6,1,49,50,70.5,268.69,537410.3700000001,1.41,1.02,10967.56,,,0.6
50,0.6,1,50,50,70.5,260.87,538814.9799999999,1.41,1.0,10776.3,,,0.6
1,0.7000000000000001,1,1,50,881.23,195.28,172088.86,17.62,50.0,172088.86,,,0.7000000000000001
2,0.7000000000000001,1,2,50,457.5,194.62,175578.77000000002,9.15,25.0,87789.39,,,0.7000000000000001
3,0.7000000000000001,1,3,50,322.47,192.37,181636.7,6.45,16.67,60545.57,,,0.7000000000000001
4,0.7000000000000001,1,4,50,255.7,195.11,189849.63,5.11,12.5,47462.41,,,0.7000000000000001
5,0.7000000000000001,1,5,50,216.7,197.07,198709.89,4.33,10.0,39741.98,,,0.7000000000000001
6,0.7000000000000001,1,6,50,188.03,206.64,208468.99,3.76,8.33,34744.83,,,0.7000000000000001
7,0.7000000000000001,1,7,50,167.7,185.14,210090.14,3.35,7.14,30012.88,,,0.7000000000000001
8,0.7000000000000001,1,8,50,153.93,192.42,217449.61,3.08,6.25,27181.2,,,0.7000000000000001
9,0.7000000000000001,1,9,50,140.53,186.81,225722.1,2.81,5.56,25080.23,,,0.7000000000000001
10,0.7000000000000001,1,10,50,132.13,206.66,235167.94,2.64,5.0,23516.79,,,0.7000000000000001
11,0.7000000000000001,1,11,50,125.07,194.51,238378.4,2.5,4.55,21670.76,,,0.7000000000000001
12,0.7000000000000001,1,12,50,119.63,186.7,247913.24,2.39,4.17,20659.44,,,0.7000000000000001
13,0.7000000000000001,1,13,50,117.67,188.46,256028.09000000003,2.35,3.85,19694.47,,,0.7000000000000001
14,0.7000000000000001,1,14,50,114.0,193.4,266994.99,2.28,3.57,19071.07,,,0.7000000000000001
15,0.7000000000000001,1,15,50,111.43,191.21,279842.95,2.23,3.33,18656.2,,,0.7000000000000001
16,0.7000000000000001,1,16,50,108.23,188.05,291220.39,2.16,3.12,18201.27,,,0.7000000000000001
17,0.7000000000000001,1,17,50,106.33,193.45,305535.01,2.13,2.94,17972.65,,,0.7000000000000001
18,0.7000000000000001,1,18,50,106.3,196.13,318472.18000000005,2.13,2.78,17692.9,,,0.7000000000000001
19,0.7000000000000001,1,19,50,103.4,205.32,329266.98,2.07,2.63,17329.84,,,0.7000000000000001
20,0.7000000000000001,1,20,50,99.83,202.68,341399.32000000007,2.0,2.5,17069.97,,,0.7000000000000001
21,0.7000000000000001,1,21,50,95.43,214.94,353953.45,1.91,2.38,16854.93,,,0.7000000000000001
22,0.7000000000000001,1,22,50,95.43,214.96,365929.14,1.91,2.27,16633.14,,,0.7000000000000001
23,0.7000000000000001,1,23,50,95.07,208.15,377804.9700000001,1.9,2.17,16426.3,,,0.7000000000000001
24,0.7000000000000001,1,24,50,92.5,204.45,387972.6,1.85,2.08,16165.53,,,0.7000000000000001
25,0.7000000000000001,1,25,50,92.13,225.06,396941.39,1.84,2.0,15877.66,,,0.7000000000000001
26,0.7000000000000001,1,26,50,91.4,224.98,405473.9699999999,1.83,1.92,15595.15,,,0.7000000000000001
27,0.7000000000000001,1,27,50,89.57,229.55,414259.89,1.79,1.85,15342.96,,,0.7000000000000001
28,0.7000000000000001,1,28,50,88.83,238.22,424129.81,1.78,1.79,15147.49,,,0.7000000000000001
29,0.7000000000000001,1,29,50,88.83,226.52,432416.9700000001,1.78,1.72,14910.93,,,0.7000000000000001
30,0.7000000000000001,1,30,50,86.63,237.16,439956.22,1.73,1.67,14665.21,,,0.7000000000000001
31,0.7000000000000001,1,31,50,83.33,241.9,447746.3000000001,1.67,1.61,14443.43,,,0.7000000000000001
32,0.7000000000000001,1,32,50,83.33,246.92,454859.54999999993,1.67,1.56,14214.36,,,0.7000000000000001
33,0.7000000000000001,1,33,50,82.23,230.82,461121.71,1.64,1.52,13973.39,,,0.7000000000000001
34,0.7000000000000001,1,34,50,82.23,234.55,468098.37,1.64,1.47,13767.6,,,0.7000000000000001
35,0.7000000000000001,1,35,50,76.37,257.59,474356.2900000001,1.53,1.43,13553.04,,,0.7000000000000001
36,0.7000000000000001,1,36,50,76.37,246.3,481450.22,1.53,1.39,13373.62,,,0.7000000000000001
37,0.7000000000000001,1,37,50,76.37,245.48,488487.13000000006,1.53,1.35,13202.35,,,0.7000000000000001
38,0.7000000000000001,1,38,50,73.8,254.59,495541.57000000007,1.48,1.32,13040.57,,,0.7000000000000001
39,0.7000000000000001,1,39,50,73.43,262.46,502538.86,1.47,1.28,12885.61,,,0.7000000000000001
40,0.7000000000000001,1,40,50,73.43,267.91,509492.70000000007,1.47,1.25,12737.32,,,0.7000000000000001
41,0.7000000000000001,1,41,50,73.07,267.58,515577.5000000001,1.46,1.22,12575.06,,,0.7000000000000001
42,0.7000000000000001,1,42,50,73.07,259.28,521597.17,1.46,1.19,12418.98,,,0.7000000000000001
43,0.7000000000000001,1,43,50,73.07,258.17,527443.16,1.46,1.16,12266.12,,,0.7000000000000001
44,0.7000000000000001,1,44,50,71.6,267.91,533637.5399999999,1.43,1.14,12128.13,,,0.7000000000000001
45,0.7000000000000001,1,45,50,71.23,254.28,539202.03,1.42,1.11,11982.27,,,0.7000000000000001
46,0.7000000000000001,1,46,50,71.23,259.94,544137.2000000001,1.42,1.09,11829.07,,,0.7000000000000001
47,0.7000000000000001,1,47,50,69.4,271.27,548994.2200000001,1.39,1.06,11680.73,,,0.7000000000000001
48,0.7000000000000001,1,48,50,69.4,261.64,553553.6000000001,1.39,1.04,11532.37,,,0.7000000000000001
49,0.7000000000000001,1,49,50,65.37,276.35,558138.3200000001,1.31,1.02,11390.58,,,0.7000000000000001
50,0.7000000000000001,1,50,50,65.0,257.34,560893.04,1.3,1.0,11217.86,,,0.7000000000000001
1,0.8,1,1,50,1027.9,195.0,200437.11,20.56,50.0,200437.11,,,0.8
2,0.8,1,2,50,531.43,191.6,203311.52,10.63,25.0,101655.76,,,0.8
3,0.8,1,3,50,366.47,194.75,207637.56,7.33,16.67,69212.52,,,0.8
4,0.8,1,4,50,288.67,186.73,211548.38,5.77,12.5,52887.1,,,0.8
5,0.8,1,5,50,239.3,192.03,217963.37,4.79,10.0,43592.67,,,0.8
6,0.8,1,6,50,206.57,189.24,223347.3,4.13,8.33,37224.55,,,0.8
7,0.8,1,7,50,184.93,190.3,227458.8,3.7,7.14,32494.11,,,0.8
8,0.8,1,8,50,166.57,188.93,231990.84,3.33,6.25,28998.85,,,0.8
9,0.8,1,9,50,154.5,181.9,237871.99,3.09,5.56,26430.22,,,0.8
10,0.8,1,10,50,143.73,186.46,241382.72999999995,2.87,5.0,24138.27,,,0.8
11,0.8,1,11,50,135.9,183.31,250097.87,2.72,4.55,22736.17,,,0.8
12,0.8,1,12,50,127.13,179.9,250630.7,2.54,4.17,20885.89,,,0.8
13,0.8,1,13,50,121.97,180.15,259207.92,2.44,3.85,19939.07,,,0.8
14,0.8,1,14,50,116.67,183.73,264930.12,2.33,3.57,18923.58,,,0.8
15,0.8,1,15,50,112.6,183.5,271978.42,2.25,3.33,18131.89,,,0.8
16,0.8,1,16,50,110.67,184.95,283080.70000000007,2.21,3.12,17692.54,,,0.8
17,0.8,1,17,50,108.03,192.3,297144.05000000005,2.16,2.94,17479.06,,,0.8
18,0.8,1,18,50,107.2,182.59,308805.79,2.14,2.78,17155.88,,,0.8
19,0.8,1,19,50,105.43,198.25,323632.93,2.11,2.63,17033.31,,,0.8
20,0.8,1,20,50,101.67,200.6,335970.0,2.03,2.5,16798.5,,,0.8
21,0.8,1,21,50,101.3,193.21,348941.93000000005,2.03,2.38,16616.28,,,0.8
22,0.8,1,22,50,99.47,199.26,361209.25000000006,1.99,2.27,16418.6,,,0.8
23,0.8,1,23,50,96.17,212.59,372002.71,1.92,2.17,16174.03,,,0.8
24,0.8,1,24,50,92.87,219.04,382608.42999999993,1.86,2.08,15942.02,,,0.8
25,0.8,1,25,50,92.5,230.67,391903.53,1.85,2.0,15676.14,,,0.8
26,0.8,1,26,50,89.2,227.11,399588.91,1.78,1.92,15368.8,,,0.8
27,0.8,1,27,50,86.63,244.25,407117.57000000007,1.73,1.85,15078.43,,,0.8
28,0.8,1,28,50,86.63,241.29,414813.7299999999,1.73,1.79,14814.78,,,0.8
29,0.8,1,29,50,83.33,250.9,422231.6,1.67,1.72,14559.71,,,0.8
30,0.8,1,30,50,81.5,258.6,431522.2400000001,1.63,1.67,14384.07,,,0.8
31,0.8,1,31,50,81.13,246.47,440024.4,1.62,1.61,14194.34,,,0.8
32,0.8,1,32,50,80.77,258.74,448023.0,1.62,1.56,14000.72,,,0.8
33,0.8,1,33,50,81.13,263.38,455846.04,1.62,1.52,13813.52,,,0.8
34,0.8,1,34,50,80.03,277.28,463678.5,1.6,1.47,13637.6,,,0.8
35,0.8,1,35,50,79.3,263.32,470592.11,1.59,1.43,13445.49,,,0.8
36,0.8,1,36,50,79.0,280.75,477738.0100000001,1.58,1.39,13270.5,,,0.8
37,0.8,1,37,50,79.3,247.65,484663.94999999984,1.59,1.35,13099.03,,,0.8
38,0.8,1,38,50,78.2,261.5,491967.2799999999,1.56,1.32,12946.51,,,0.8
39,0.8,1,39,50,77.47,267.21,498785.4,1.55,1.28,12789.37,,,0.8
40,0.8,1,40,50,77.47,261.54,505077.9399999999,1.55,1.25,12626.95,,,0.8
41,0.8,1,41,50,77.47,260.76,510777.1699999998,1.55,1.22,12457.98,,,0.8
42,0.8,1,42,50,75.63,269.37,516528.23999999993,1.51,1.19,12298.29,,,0.8
43,0.8,1,43,50,74.53,262.02,521431.39,1.49,1.16,12126.31,,,0.8
44,0.8,1,44,50,73.8,278.93,525915.69,1.48,1.14,11952.63,,,0.8
45,0.8,1,45,50,73.8,254.55,530019.7899999999,1.48,1.11,11778.22,,,0.8
46,0.8,1,46,50,72.7,276.45,533658.3200000001,1.45,1.09,11601.27,,,0.8
47,0.8,1,47,50,72.7,269.94,536838.8899999999,1.45,1.06,11422.1,,,0.8
48,0.8,1,48,50,72.7,265.96,539988.76,1.45,1.04,11249.77,,,0.8
49,0.8,1,49,50,72.33,271.44,543071.21,1.45,1.02,11083.09,,,0.8
50,0.8,1,50,50,72.33,258.82,545454.9699999999,1.45,1.0,10909.1,,,0.8
1,0.9,1,1,50,896.5,195.31,175099.57,17.93,50.0,175099.57,,,0.9
2,0.9,1,2,50,461.5,193.99,178357.43,9.23,25.0,89178.71,,,0.9
3,0.9,1,3,50,319.17,192.26,180554.24,6.38,16.67,60184.75,,,0.9
4,0.9,1,4,50,248.87,188.73,184850.46,4.98,12.5,46212.62,,,0.9
5,0.9,1,5,50,207.87,188.11,190363.04,4.16,10.0,38072.61,,,0.9
6,0.9,1,6,50,178.43,190.44,196237.03,3.57,8.33,32706.17,,,0.9
7,0.9,1,7,50,160.7,182.85,198670.58,3.21,7.14,28381.51,,,0.9
8,0.9,1,8,50,145.67,191.81,206506.32,2.91,6.25,25813.29,,,0.9
9,0.9,1,9,50,136.97,193.84,215147.4,2.74,5.56,23905.27,,,0.9
10,0.9,1,10,50,128.2,188.61,223829.94,2.56,5.0,22382.99,,,0.9
11,0.9,1,11,50,122.43,190.53,228299.44,2.45,4.55,20754.49,,,0.9
12,0.9,1,12,50,117.97,187.43,237395.61,2.36,4.17,19782.97,,,0.9
13,0.9,1,13,50,112.23,182.16,240698.8,2.24,3.85,18515.29,,,0.9
14,0.9,1,14,50,107.1,188.24,253102.82,2.14,3.57,18078.77,,,0.9
15,0.9,1,15,50,106.6,184.48,270752.75,2.13,3.33,18050.18,,,0.9
16,0.9,1,16,50,104.17,217.3,287572.64,2.08,3.12,17973.29,,,0.9
17,0.9,1,17,50,103.03,207.55,303641.83,2.06,2.94,17861.28,,,0.9
18,0.9,1,18,50,98.73,215.57,320245.17000000004,1.97,2.78,17791.4,,,0.9
19,0.9,1,19,50,95.8,217.39,336380.91000000003,1.92,2.63,17704.26,,,0.9
20,0.9,1,20,50,95.8,230.77,348232.0099999999,1.92,2.5,17411.6,,,0.9
21,0.9,1,21,50,95.43,251.08,360286.65,1.91,2.38,17156.51,,,0.9
22,0.9,1,22,50,92.5,249.38,371173.42,1.85,2.27,16871.52,,,0.9
23,0.9,1,23,50,87.73,272.09,382884.88,1.75,2.17,16647.17,,,0.9
24,0.9,1,24,50,87.0,253.83,394100.5800000001,1.74,2.08,16420.86,,,0.9
25,0.9,1,25,50,86.63,242.02,404116.7599999999,1.73,2.0,16164.67,,,0.9
26,0.9,1,26,50,85.9,242.38,412726.6799999999,1.72,1.92,15874.1,,,0.9
27,0.9,1,27,50,83.33,245.44,421248.82000000007,1.67,1.85,15601.81,,,0.9
28,0.9,1,28,50,82.97,244.75,429138.1099999999,1.66,1.79,15326.36,,,0.9
29,0.9,1,29,50,82.6,256.29,436922.4,1.65,1.72,15066.29,,,0.9
30,0.9,1,30,50,82.97,255.79,445101.1,1.66,1.67,14836.7,,,0.9
31,0.9,1,31,50,82.97,240.37,453077.08,1.66,1.61,14615.39,,,0.9
32,0.9,1,32,50,82.97,238.5,461468.70000000007,1.66,1.56,14420.9,,,0.9
33,0.9,1,33,50,80.4,250.31,469296.69,1.61,1.52,14221.11,,,0.9
34,0.9,1,34,50,80.03,262.05,476771.04999999993,1.6,1.47,14022.68,,,0.9
35,0.9,1,35,50,80.03,267.09,483589.4199999999,1.6,1.43,13816.84,,,0.9
36,0.9,1,36,50,79.67,266.83,490630.0499999999,1.59,1.39,13628.61,,,0.9
37,0.9,1,37,50,79.3,276.17,497146.26999999984,1.59,1.35,13436.39,,,0.9
38,0.9,1,38,50,79.3,276.51,503424.98,1.59,1.32,13248.03,,,0.9
39,0.9,1,39,50,78.93,251.46,509393.0999999998,1.58,1.28,13061.36,,,0.9
40,0.9,1,40,50,78.57,263.41,515335.84,1.57,1.25,12883.4,,,0.9
41,0.9,1,41,50,77.83,267.52,521190.0899999999,1.56,1.22,12711.95,,,0.9
42,0.9,1,42,50,77.83,260.25,527109.3799999999,1.56,1.19,12550.22,,,0.9
43,0.9,1,43,50,75.63,263.55,532666.32,1.51,1.16,12387.59,,,0.9
44,0.9,1,44,50,75.63,266.67,537052.3299999998,1.51,1.14,12205.73,,,0.9
45,0.9,1,45,50,75.63,267.3,541336.5,1.51,1.11,12029.7,,,0.9
46,0.9,1,46,50,75.63,261.08,545520.4099999999,1.51,1.09,11859.14,,,0.9
47,0.9,1,47,50,74.53,275.53,549668.83,1.49,1.06,11695.08,,,0.9
48,0.9,1,48,50,73.43,280.48,553251.1699999999,1.47,1.04,11526.07,,,0.9
49,0.9,1,49,50,70.13,278.82,556133.8899999999,1.4,1.02,11349.67,,,0.9
50,0.9,1,50,50,69.77,273.54,557175.17,1.4,1.0,11143.5,,,0.9
